,User,SubmissionTime
0,Daniel-30,14:28:33+01:00
1,Jose-4,14:49:28+00:00
2,Jana-42,14:47:42+08:00
3,wg418,14:18:31+08:00
4,dadlike,14:19:02+01:00
5,af1318,14:31:04+01:00
6,beavers,14:36:46+01:00
7,Seymour-82,14:41:31+08:00
8,jh318,14:45:12+01:00
9,tl2018,14:48:33+00:00
10,sh618,14:27:00+08:00
11,upbrought,14:48:24+08:00
12,medial,14:34:36+08:00
13,glottology,14:29:14+00:00
14,squire,14:47:51+00:00
15,wq1118,14:49:27+08:00
16,Catherine-19,14:16:50+01:00
17,mc618,14:28:59+00:00
18,dk718,14:34:13+08:00
19,Heidi-90,14:22:14+01:00
20,ew1718,14:23:51+01:00
21,fancied,14:35:23+00:00
22,hostessing,14:31:08+08:00
23,am1118,14:18:37+08:00
24,lb318,
25,Edward-39,14:46:29+00:00
26,Danielle-81,14:39:07+01:00
27,mj1418,14:47:31+08:00
28,azurites,14:33:24+01:00
29,fh1018,
30,Jay-9,14:48:43+00:00
31,miffy,14:25:19+01:00
32,Larry-33,14:31:28+08:00
33,hh918,14:48:17+08:00
34,Jacqueline-33,14:22:51+08:00
35,Debra-34,14:26:48+08:00
36,Petra-74,14:32:10+00:00
37,sewing-press,14:28:04+00:00
38,Mary-51,14:21:21+08:00
39,kk418,14:30:42+01:00
40,Carolyn-50,14:25:59+00:00
41,ma918,14:34:45+00:00
42,filming,14:36:01+01:00
43,dw1318,14:45:30+00:00
44,da418,14:42:32+08:00
45,ps1518,14:49:01+00:00
46,tollbar,14:33:06+01:00
47,raptors,14:20:23+00:00
48,tossed,14:19:50+01:00
49,delayer,14:30:09+00:00
50,Thelma-85,
51,motes,14:46:07+01:00
52,abbreviated,14:25:59+00:00
53,jm1718,14:29:02+01:00
54,Helena-12,14:45:02+08:00
55,hanty,14:22:12+01:00
56,wb1918,14:20:03+01:00
57,rewild,14:41:45+01:00
58,jd1618,14:22:31+01:00
59,lv218,14:22:50+08:00
60,loxitane,14:35:57+01:00
61,swifter,14:18:59+01:00
62,,
63,Christopher-24,14:25:06+00:00
64,jr1418,14:48:05+08:00
65,Rudolph-35,14:34:18+08:00
66,rk1118,14:15:04+00:00
67,co-lessor,14:24:18+00:00
68,solidarities,14:27:29+08:00
69,Gwendolyn-75,
70,damosella,
71,at318,14:23:28+00:00
72,known,14:33:06+08:00
73,consisting,14:42:05+01:00
74,dp818,14:15:15+00:00
75,Adam-8,14:41:47+00:00
76,porti√®re,14:42:25+08:00
77,sarcophage,14:44:43+08:00
78,Britni-25,14:24:13+08:00
79,rascally,14:42:45+00:00
80,adroitness,14:40:08+01:00
81,Terry-93,14:29:03+00:00
82,Steven-94,14:47:09+00:00
83,inveiglement,14:27:42+01:00
84,rm518,
85,Sarah-62,14:17:12+00:00
86,nondiabetic,14:49:34+08:00
87,kr618,14:19:48+00:00
88,enchain,
89,Gwenda-15,14:39:54+01:00
90,bearing,14:25:10+08:00
91,Mary-11,14:19:58+00:00
92,jr1318,14:22:43+01:00
93,mr818,14:22:57+00:00
94,hungover,14:41:32+08:00
95,monton,14:25:01+01:00
96,svengali,14:36:21+08:00
97,solar,14:22:31+01:00
98,Mary-24,14:18:56+08:00
99,boardwalk,14:28:04+00:00
100,Diana-50,14:47:41+08:00
101,Brianza,14:33:30+08:00
102,nc918,14:22:23+08:00
103,Traci-26,14:37:37+08:00
104,Morgan-24,14:34:28+00:00
105,dm618,14:25:01+01:00
106,Carol-93,14:49:58+08:00
107,Robert-33,14:32:07+01:00
108,acrobatical,14:46:39+08:00
109,Sheila-30,14:26:59+01:00
110,untowardly,14:30:24+08:00
111,wrestler,14:28:12+01:00
112,frenemies,
113,remeant,
114,air-cock,14:23:01+01:00
115,autohidden,14:17:32+00:00
116,Kevin-89,14:49:53+08:00
117,palmipeds,14:32:58+00:00
118,Christina-92,14:19:23+00:00
119,Buchner,14:24:45+08:00
120,unfermented,14:20:12+08:00
121,Janice-62,14:43:31+00:00
122,Brenda-54,14:26:48+00:00
123,ea418,14:19:46+00:00
124,Bessie-25,14:44:46+01:00
125,brittanic,14:43:56+08:00
126,iw818,14:40:17+08:00
127,rc218,14:39:35+01:00
128,John-83,14:50:51+00:00
129,top-lantern,14:44:11+00:00
